10162939-01,6111600074,pkCIqbSg,27801423191,16
10162939-01,6851031685,EwBFtnbO,18382839735,16
10162939-01,5675068688,EGAsMOHN,76383728259,23
10162939-01,8082338979,KPvCbTUY,14432173885,83
10162939-01,1468159400,bsSLqIYf,68704497356,51
10162939-01,6150369942,gQlAcqcx,63939437379,55
10162939-01,4420284111,LyBLvinr,94880751309,88
10162939-01,0298081526,rdtUoCnB,75564530312,0
10162939-01,0539202759,nWVCcwzz,31597279522,64
10162939-01,3901612269,XMLMcyPG,36944135645,22
10162939-01,3725006854,mYEXfNzl,25069637478,11
10162939-01,3825868707,QlMPNbth,37167000652,29
10162939-01,4346643848,cCHHYrVO,05438552291,33
10162939-01,6383578578,RTTcXHhJ,97143711481,71
10162939-01,6432702041,KizuOdwG,95094074452,59
10162939-01,5668575243,DsnmyCOG,36885052333,83
10162939-01,7155670539,CJzBbNje,07312011698,45
10162939-01,5865552287,Wlhxknhy,55603616040,40
10162939-01,7501987784,fjNgWgmY,51502174019,12
10162939-01,4860253898,emoWbQXZ,91751013803,23
10162939-01,9724574802,AXMInpri,56983516800,97
10162939-01,3388025521,ohcdhstm,42981018203,70
10162939-01,3331275440,pMeryUSW,34343543161,81
10162939-01,0236929616,elDYMvrg,86142933004,43
10162939-01,2798475717,YvaqRega,94453111291,83
10162939-01,7669119045,CBBzmtUg,17614977370,26
10162939-01,9910527645,MKKQkjQD,82350607132,47
10162939-01,8972603381,HJsGXglz,03485655555,48
10162939-01,5532190305,hSaxWRbf,50602810825,82
10162939-01,2514060814,VGJTMsyw,16385497699,98
10162939-01,5929520222,IzEIMLQl,52297125963,56
10162939-01,6582836972,vaHfawTZ,41416450067,100
10162939-01,0284810298,NXBDlLlM,39625824081,59
10162939-01,8584436248,MaPlbkNa,65516327448,88
10162939-01,2558814301,QkGFuGdp,77432992795,78
10162939-01,0178511218,zTXOtEEM,10541030943,21
10162939-01,0922260248,GHzyHnid,39431569883,37
10162939-01,8497622746,iEMnSFeP,96817647715,75
10162939-01,2726956971,xCVxnKeq,86524212866,51
10162939-01,0693329310,xiNjebxk,78448475759,42
10162939-01,2576182149,FLKErjNA,64023727403,32
10162939-01,8331451673,VmssgEOT,05553699279,93
10162939-01,0221383329,mbkfVtHF,07437483500,13
10162939-01,1187898544,jyYSqEAV,75941982424,47
10162939-02,7079156536,KudlFUZC,82552043725,88
10162939-02,4305152765,mPrICXeT,06940938776,11
10162939-02,9901503649,NaxwmbPl,40439743055,4
10162939-02,6371642051,KbJHAULI,49702746981,0
10162939-02,5536377332,fAsCbagl,77319339362,66
10162939-02,1028790078,mKclywHv,03233234008,78
10162939-02,8048452719,WPrCdilY,34172513659,81
10162939-02,7724943541,QqeNhxUy,91453484340,26
10162939-02,6580941010,xAZazrWK,18128883047,80
10162939-02,5746619900,zVOAchcO,71246154286,17
10162939-02,3801240724,IyQpvHfd,74347304032,99
10162939-03,6514511753,IHqYGtqa,01201413674,25
10162939-03,0510643615,PTMcrcKL,63651869074,52
10180218-01,5694802456,PwmEWaCp,94686697361,15
10180218-01,9791244349,XuKERqyH,33504994632,71
10180218-01,3109333931,BbfknjFk,09349585207,21
10180218-01,1952591283,TVCGxezJ,50482402222,77
10180218-01,0659930762,ugMfVkLX,20836647847,75
10180218-01,1198474598,zTrJMLph,36018466443,92
10180218-01,8795741645,gzanjOLq,96227343762,72
10180218-01,9815157877,PJjMXWGd,47259299180,92
10180218-01,7134630978,lKoiMhcH,32976884603,58
10180218-01,5539160079,yNuoBoYK,19153313222,31
10180218-01,0450563424,AQkHSRJT,50614621838,5
10180218-01,6129428048,CJVbcxch,85858209224,91
10180218-01,0791129212,MtDLSMqA,25065685767,62
10180218-01,6128940215,DUQWlZhR,48429317170,82
10180218-01,8546478295,CNsPGCKz,62538683520,37
10180218-01,2085644595,acADWJCh,87911775819,46
10180218-01,4969090280,oneTMtEj,88455228054,47
10180218-01,9170049159,MhVsMlNV,09628854608,54
10180218-01,8503572124,PuxUTKHP,59139487200,81
10180218-01,9519508122,mZdvXsKo,65762380336,9
10180218-01,9524007474,aeqQuNZW,45168301536,2
10180218-01,7435731635,LKJHLjAS,52268668972,15
10180218-01,9801064013,oDhiBeID,39125404929,74
10180218-01,0422581744,mKrWPcMA,81454706980,25
10180218-02,3908547041,rpXqIABQ,97349370893,46
10180218-02,6725420886,GuQcryKL,92000656134,71
10180218-02,2922548529,gyVSaiGo,04140977963,73
10180218-02,7081774641,jidNXoHC,84683497302,2
10180218-02,2494555781,wFXmWpTv,77517139360,42
10180218-02,4323488286,stAlgypI,36189428703,84
10180218-02,1512301044,FxWUkiho,59953130356,37
10180218-02,8756267708,kFkiqyWh,13751434073,93
10180218-02,7748287371,AMbsbCjh,10608413633,96
10180218-02,1964470482,FXoPgtcm,74100464770,16
10180218-02,3294589813,AezFRRsf,03179334338,39
10180218-02,7677420856,VSBuZLJL,23404160240,26
10180218-02,0381894287,vSrnFSxr,50404842871,90
10180218-02,5845449390,YesUNPRN,21933635187,56
10180218-02,6133281541,hsBcpBkS,10702799027,94
10180218-02,4400857338,oTOvDMTU,72542389399,47
10180218-02,1002036338,xoBwxKRJ,25744468964,65
10180218-02,4257603257,lQuSXuHd,27926118110,6
10180218-02,7478404461,baHFCQwu,18874105978,95
10180218-02,7166764152,JORTfJWW,99999816105,94
10180218-02,4370454077,erVfYSCd,60816683778,38
10180218-02,4346658011,gECrZdYB,26681177672,14
10180218-02,9150628559,qkuCFKUq,48339682979,45
10180218-02,8649813705,RmBhMYNR,30033201830,20
10180218-02,3445145381,IlzdlMgL,41448225082,81
10180218-02,6020385090,pYKxbDBY,31872175670,24
10180218-02,6817255142,MRHELYcf,87633138053,46
10180218-02,8425620786,aeHrfGAO,16604057800,76
10180218-02,8818498212,ZUUBuckJ,73723480278,75
10180218-02,0411956489,ZYWkDBxF,57091161877,98
10180218-02,4193232606,NgihsjqX,26058945894,74
10180218-03,5674564797,SVwFRNFC,52690657288,89
10180218-03,4464424875,yuzeAmWs,82941079867,39
10180218-03,0839481442,elYEBWoU,16766302851,19
10180218-03,2207668003,sQSYflvb,07064570035,20
10180218-03,9571654051,IvvMdRwt,63134566528,57
10180218-03,1180034766,ToopYYyY,76759609889,49
10180218-03,6460045933,McxkrUqm,75623601902,66
10180218-03,6323226879,EfCWlaka,27601537298,61
10180218-03,7758057283,ghYlEBep,10048446472,67
10180218-03,9136498153,FLuSGIbU,13453952793,15
10180218-03,0183044936,MKyDQZYT,62704492403,39
10180218-03,3508622895,mCHxVPhh,38867263821,48
10180218-03,9956457265,XkgODJku,97084364345,30
10604796-01,3312816740,UMKEXNnt,36484068954,72
10604796-01,3417992416,GeloLuQf,17173132647,9
10604796-01,0171673162,HpBqqPcf,95399468661,4
10604796-01,9091795450,NGLBafmf,66690628914,50
10604796-01,7854569109,RWYJZafS,07637495379,76
10604796-02,0497207121,uHpofMkT,14282429836,90
10604796-02,5982732947,XeUfrVhN,81722958016,100
10604796-02,0701319633,RddtQILx,66780123824,25
10604796-02,1284397864,umpInivp,57295755730,52
10604796-02,1002222623,yWgexPzN,50753368190,29
10604796-02,9760255864,limCBGeK,21677578839,46
10604796-02,4583292781,sObgaQay,69326707441,5
10604796-02,5239112098,yTierCyA,06591340270,72
10604796-02,9536204898,VLrJJPPw,11601152947,84
10604796-02,5393408815,izwEoGVo,54769802932,50
10604796-02,8880553323,MHdKwueB,65899447414,25
10604796-02,6618765408,caYZrQvR,26827619314,35
10604796-02,7471032447,amTYGTos,13933491482,8
10604796-02,6930312772,tQvpJsfr,10119681457,49
10604796-02,7063084142,AyxrMPCW,26156540419,83
10604796-02,1951448748,CisfIeTK,09595334767,52
10604796-02,0114881399,QIvciroR,48210813551,50
10604796-02,7108789567,MWmaNLaD,23054959085,17
10604796-02,4157597331,bHgTiNCQ,64015230015,72
10604796-03,4731870709,cYruQlCR,03277076943,98
10604796-03,8974750480,glIAgTft,80056255938,14
10604796-03,9915480294,tmDeimJW,28537300791,61
10553596-01,5846909114,GfhdNoQO,30671433075,79
10553596-01,4100833461,JMrnLKGh,93016696716,26
10553596-02,2624662078,kfKCGQvs,42074107006,20
10553596-02,8843907463,meNckAnp,53871417339,80
10553596-02,9503698253,AozIclTN,98052346310,3
10553596-02,6638386538,ICrLbQrz,77504831873,5
10553596-02,9389021599,JRtiksOQ,99354169865,15
10553596-02,1368791370,XVmDcJVS,81833080025,17
10553596-02,6598786721,sxZBWuZu,80294085499,22
10553596-02,9792622901,HOWCoDER,65242375086,74
10553596-02,1386348729,fiZaLzHg,20088677180,30
10553596-02,3536371011,BFOlAGod,09015970307,38
10553596-02,1778839150,dpjGDCTu,33236868058,49
10553596-02,6901297587,IcXqtZnf,63982290919,77
10553596-02,4453992701,zaygQkaY,76752682046,6
10553596-02,8860701224,KlbQCOOd,26905563412,61
10553596-02,4744512383,zZFIuofG,36526963767,44
10553596-02,0414278984,zfFKSsjB,24142237895,21
10553596-03,7075057896,QOghJAdK,14862237632,82
10553596-03,3087809573,KgRWbTWJ,03847418197,95
10996933-01,7562307315,YiuKugmb,37124108206,79
10996933-01,8311732155,miCDOafu,72921978536,16
10996933-02,1049188421,yDEtpBpl,53928606620,19
10996933-02,1358635385,qkenbrCV,93327497058,44
10996933-02,0877696772,kntWwXzZ,38650337738,9
10996933-02,5715556729,BrhbhHqB,79606633414,27
10996933-02,4899517427,MSNxUmqp,77642927238,30
10996933-02,3319972431,DmHLmQCX,11032837691,96
10996933-02,9156987721,bIewJHZA,68000186837,10
10996933-02,6638402526,uGqjYILG,64808744023,66
10996933-02,2044273183,USBzGIiU,49787864065,28
10996933-02,0960851560,xiiJJkLH,65326823257,99
10996933-02,8747432849,tlVwgjwa,60231526562,10
10996933-02,9239655996,QnjSDsGL,12479020338,15
10996933-02,4738276220,owoIEvjr,78477196694,32
10996933-02,5463385597,QisbFdeT,22540893093,35
10996933-02,2084416737,TPcwrmos,57699192036,85
10996933-02,4146018847,GGBOJtye,69268207371,49
10996933-02,9633622046,cYHAeNBK,33254080805,76
10996933-02,9526587564,WROJABsq,89987947639,45
10996933-02,9886424237,ERMoBhyQ,29321351734,53
10996933-02,2094100233,XKPBCkUe,85497967317,46
10996933-02,2715119982,BOkOBPXf,63378773201,23
10996933-02,8515203839,ajGXvrRO,65253187702,68
10996933-02,2604754617,nuNSpOLD,16952554142,69
10996933-02,5342705159,ErKilLoB,32201518302,47
10996933-02,0757198445,yLMXrcZE,90686881345,95
10996933-02,4814395895,LUZrSaHZ,08318451195,80
10996933-02,9960435475,rYvTFlsC,70335215822,90
10996933-02,0749615981,ttcdRbIG,58545028979,70
10996933-03,2377346719,YTfJKOqL,32944319070,15
10996933-03,2235482358,jrDkJwjV,60786232811,73
10996933-03,0770323864,pVbLKSZu,41576054186,29
10996933-03,8377990176,dmaYbGKr,04242892081,94
10996933-03,7730143065,ujOdwZMP,92372824570,13
10996933-03,5339970988,yOgoIBiF,24697808224,64
10996933-03,7558868037,LYVVqWqS,14538505221,90
10996933-03,9659664723,BucYqkwp,93117496234,81
10996933-03,1345613341,zQKVnVBh,62741483474,25
10996933-03,6397725692,aQheibrA,16555355051,93
10996933-03,8485078203,bgpWupiR,91206981505,35
10996933-03,2187927213,KQlwaerl,61254360169,4
10996933-03,2758853154,buFyaIog,79321208453,91
10996933-03,2720422306,QugnerqQ,76615475736,0
10996933-03,4697882008,ocTUmzoe,83695842106,5
10996933-03,0788907514,QbkMkSzJ,52113559706,18
10996933-03,3413693812,zMjSEUbh,18432893373,14
10215824-01,6890660095,VPAbVFmN,61633108538,64
10215824-01,5494142638,LoxFDNGi,29436288770,40
10215824-01,2725107866,TjrZeUSF,83041878053,48
10215824-02,8008978212,mLTupOTC,01824218675,100
10215824-02,8657958884,hViBngDs,38767803084,67
10215824-02,8423344628,wNuMtZZk,67152608051,73
10215824-02,2237216908,liaNCkrZ,18756417451,79
10215824-02,6193512957,IVyoIFEJ,57876860869,11
10215824-02,1263669897,ClVTxnMa,58269925692,61
10215824-02,3598151534,FnsYUyAq,19408223051,91
10215824-02,7712583206,FDhomGCK,85057180198,9
10215824-02,8285102539,rwlOcXUK,44845278182,87
10215824-02,8271912384,erolVCUG,52912662501,99
10215824-02,0678320535,VfRwEydr,68472674636,4
10215824-02,7187335985,gqbDtbyE,22879797511,67
10215824-02,9762701762,yroijBKw,03523994764,20
10215824-02,2440856019,eZadvjHJ,07692271168,23
10215824-02,7129686623,foAIyrmd,30711770717,15
10215824-02,5538286830,SxyLerDt,65361424814,38
10215824-02,5833545445,QzFDjCae,11055731017,33
10215824-03,5496034025,olKTMnUT,53518283021,99
10215824-03,3033998175,oXuUdyMj,42175326093,76
10215824-03,3220777418,ldutdMmo,84389732921,3
10215824-03,7993894143,BUSgrKde,20360664863,37
10215824-03,4495130746,hwWOFysa,68411078184,65
10215824-03,5104612353,ZwqVDeFk,52908143680,42
10215824-03,9828948085,sprnpJtZ,51583595471,51
10215824-03,3121543696,LoffOttj,87899195167,26
10215824-03,0399603506,CgpZfbQb,22970462084,70
10215824-03,2426319498,yjCiHeAz,27599210677,74
10215824-03,2854298065,YTEDywnD,05151864795,71
10215824-03,5275238183,FhOOdcNW,32778304503,75
10215824-03,1317484505,TKxprhAo,35203697068,25
10215824-03,2732203090,HrAHmWLd,50508464123,27
10215824-03,3564724121,iRsdqylB,31083202704,39
10215824-03,8201619404,FEJZJuuC,79389672106,27
10215824-03,5527630510,zFPhYHCS,65276953973,4
10215824-03,2062322416,oRBaSdXI,46889317201,56
10215824-03,2766922883,peBuKSyW,27913457975,52
10215824-03,9038575929,fjllFCkT,05598602644,48
10215824-03,1197763362,XkZJaPKc,41604391647,10
10215824-03,4303673449,ydCrEecz,18678093609,98
10215824-03,2406354155,ZyWvcNOk,11469302208,94
10215824-03,2298193511,zFYeRzdk,78213533993,92
10215824-03,7761649771,HnjSCMHR,94071593858,31
10215824-03,8344741165,sIFCBZLY,39780240165,80
10215824-03,0146474122,MPFRnOTg,08122442446,11
10430305-01,4063354869,JHqtSrGs,90751108929,94
10430305-01,4533325075,tbxfHyeL,95827896079,9
10430305-01,7353174280,GdFvyoAQ,40410882995,27
10430305-01,7066821128,UmAQXBkF,45076196957,11
10430305-01,0408119773,NMStLVvf,57464835002,56
10430305-01,8165533369,UZeXYoXM,31141559390,48
10430305-01,0043234734,sSVjyLyn,00268559801,6
10430305-01,3703838411,PispoQqd,75923551065,65
10430305-01,3466724863,RPsJvmXM,42715317556,32
10430305-01,7338585955,LTbIGnea,06686927835,58
10430305-01,3471272401,dVuKqWqf,77597982532,26
10430305-01,2521731736,nySbEUvY,60469166561,67
10430305-02,4192824891,itJQgEbm,93222368393,33
10430305-02,4798828620,bwOnFtxD,62301772825,2
10430305-02,2056620142,jlhbmYXg,51377969635,98
10430305-02,4984507046,HNDVvayy,26038813865,35
10430305-02,1307848387,lJwpxqMO,70813127724,55
10430305-03,1499830971,jpifuuHG,45694529074,91
10430305-03,8890105210,Gjcaguln,30772041569,60
10430305-03,5395554905,GBLLtGen,41336154442,20
10430305-03,1357800435,UiqXpSqE,72394790608,76
10430305-03,1269651640,WrTzwKHc,44075728030,68
10430305-03,5922882730,zJSdlXty,91048282127,86
10430305-03,0542762628,tDdJRRob,42935071505,68
10430305-03,9217158415,IQdZKBNi,91025520686,0
10430305-03,7763556920,gDYcAvBd,65550166174,43
10430305-03,8375689492,cwfwsUUo,81857751376,98
10430305-03,5617730823,OSfdLEYB,58568004089,55
10430305-03,7271038548,QVwaOsVn,53219239894,46
10430305-03,4982401452,AxCNqTDP,54410628919,88
10430305-03,3408318790,yrEvfVbd,84849365040,76
10430305-03,5853403084,InEXHoVz,41052360114,35
10430305-03,0810923234,kRqJbaNG,46808653812,70
10430305-03,8373276197,OOvmhFcI,69270899149,45
10430305-03,2786398910,TbLoGWhT,50051549214,24
10430305-03,3537029282,CuawujtJ,67904692528,72
10430305-03,7615854798,VgrHgogO,19531624324,59
10430305-03,2070216219,sAzTpquM,89166930263,67
10430305-03,8786039557,EsMVtqrr,85116782413,25
10430305-03,1373539253,ZWRZvlnN,16674685133,31
10430305-03,5295835565,xGmestPb,90716477493,45
10430305-03,4460799070,ShOnAeKJ,83825542617,52
10572780-01,6597027429,LVJSSxms,53864727656,77
10572780-01,6610879933,izoHjxVk,06089712516,50
10572780-01,6183801162,XDzkDUpf,14107923587,12
10572780-01,1098971222,jmFAbPSs,81585106320,89
10572780-01,0823145028,wDNSoEfJ,63389786715,65
10572780-01,5782641249,iGALiFvc,36939141611,39
10572780-01,4847421156,xYeiRIgn,81627546915,47
10572780-01,1066021016,yoMUTaNw,00125697693,48
10572780-01,1308790974,kLUyqaTA,23112914195,61
10572780-01,9790390909,shqnCvSe,32503092565,69
10572780-01,2227447451,ncRwLgeo,04142098645,41
10572780-01,8510743156,MuLFTMBh,58252596298,95
10572780-01,3799808144,rVjohFaI,58452800472,93
10572780-01,3813161658,wbLpsZvo,03551051756,84
10572780-01,3875010766,zvBcZNXJ,67321854537,77
10572780-01,3290887788,hNYHIblF,43471587704,69
10572780-01,1166436541,xWdGGkEz,61519391451,7
10572780-01,3497806992,AMryOHGN,23067617966,3
10572780-01,7130320176,tZrjIoeD,79599092445,33
10572780-01,8350503515,QrmjqEUD,64572948492,34
10572780-01,3913323993,ZnVcxCSP,53974716028,44
10572780-01,8588613297,NqgEtQNb,09082939799,10
10572780-01,7676481383,ueDsGHDp,43585573837,23
10572780-01,6876563894,GhLLjtDf,86593863148,72
10572780-01,7578322168,jKwbeYDK,32502653870,67
10572780-02,4713012862,QWNeqXbh,84097420958,27
10572780-02,3566248963,pHmbqmdm,78766910263,55
10572780-02,7639620939,OzEUziRN,03077077305,34
10572780-02,1614627026,XJSweFzb,06494070010,90
10572780-02,3547166566,QRxCScTg,52850998938,58
10572780-02,3839863169,bYkxHgUw,10342681769,12
10572780-02,7531816717,pGZWtSvq,67082825482,43
10572780-02,0008607783,putEFkoJ,76854072478,65
10572780-02,8557842961,opYgjKIq,63487828413,30
10572780-02,0561819949,QdFmqEee,09312560799,8
10572780-02,5645280681,wcQauckP,85662497827,68
10572780-02,3606814573,XjfsnCpw,97116876343,30
10572780-02,3143942982,SVEPqExO,94400420961,19
10572780-02,9759012944,nZPiOejm,10646658303,46
10572780-02,3981666697,gSspamqT,30505128965,77
10572780-02,9858614357,ZLWhXlHQ,97194362310,86
10572780-02,8806384252,tKcRWvEZ,22023729989,23
10572780-02,9984651432,mibOFpbW,81392920780,92
10572780-02,2189790253,eWlUBVhZ,53425153412,46
10572780-02,4703856449,XvMScEeU,78552520834,100
10572780-02,2049346046,fVCxSwfa,78782712355,62
10572780-02,2088728995,EoWMqxrW,53668259214,19
10572780-02,3296152761,GBkLBDCG,03274065367,85
10572780-02,6286537452,tEODMMnZ,03676925777,42
10572780-02,4978228572,XrPWwRnI,79535764316,25
10572780-02,7642150020,SMVwnZLf,26890288544,77
10572780-02,7149862760,YHVpNhts,83882324777,11
10572780-02,6676269161,GmrhOiTP,12656530791,20
10572780-02,6986627403,KAiEuoeR,24789579193,36
10572780-02,4171432313,accOxRLv,77369358386,100
10572780-02,0852919440,TcGOkohj,86942710143,48
10572780-02,5178382863,OyOZMuQC,79100157261,89
10572780-02,2026137906,ehrlMiNO,10473544031,31
10572780-02,4421745049,uhubTIfh,52423720928,64
10572780-02,2873154959,rYUTkbWt,94960321857,72
10572780-02,0622686195,mqIjNPyu,49695787450,69
10572780-02,8089239583,KqOYAoQE,28075082498,38
10572780-02,5326440572,GIMsTkbU,89675875767,86
10572780-02,6100945254,xryQvEee,38320622627,29
10572780-02,6940945990,GTshmfNO,79508468518,23
10572780-02,4074515636,iidULBna,81177171865,20
10572780-02,0670683841,TTWgPxkd,14897831720,38
10572780-03,7458210416,PMZfnHPA,69545726246,82
10572780-03,8399707680,QZxohsJE,09593719449,95
10572780-03,7658728268,XYiyLZhf,54483010036,91
10572780-03,5850983936,vGcHGdBq,16943735266,78
10490115-01,7165409520,qUNwThgM,97712406819,69
10490115-01,1524808359,rpYvxqid,59868804750,57
10490115-01,6736930064,wvONTOGC,70965589069,23
10490115-01,9586775731,QJjnXBCA,85338914785,88
10490115-01,4706219143,JyPHCNQI,64187234536,11
10490115-01,2046302994,ddNBOUJq,68666117649,36
10490115-01,2148730612,xpxqMBsf,16878751635,29
10490115-01,5135792117,qJtndAdh,70716535347,29
10490115-02,2299972653,IAeZnhxb,54115200317,56
10490115-02,8521991772,HLHGlUHR,55888758447,54
10490115-02,4970495503,ZeRFfoji,64654668703,68
10490115-02,3701537667,fwbUEFPg,04565969554,80
10490115-03,5737685189,dxRtxmvb,68033865639,30
10490115-03,2347823095,FgYHSsoH,91336550438,94
10490115-03,4246379758,RwmSEnAf,99365949565,70
10490115-03,9543211597,lmNtodAj,75428515929,61
10490115-03,1126182458,yeWcNbMM,03156427132,17
10490115-03,3360445262,yHPitecv,12219347635,47
10490115-03,1748787926,rihoBAhk,68584561876,76
10490115-03,2472999139,btOqYKEY,43316567236,30
10490115-03,9339156036,WutpwAAn,58430062419,3
10490115-03,3723100847,EWjUrXrh,37729175341,90
10490115-03,9252343202,gfLIQeDm,09177794073,44
10490115-03,9325783636,WEKLqVgT,80552283486,39
10490115-03,0826113869,QBcDJtkt,61185418142,50
10490115-03,9578026883,IBakfFGV,82373228365,3
10490115-03,1744943150,cZaWzyQO,95355302728,68
10490115-03,8363293906,xBVznIju,64303381858,13
10490115-03,6149236016,psOkCzBo,66909110387,63
10490115-03,9180286161,ZavqpDom,04643261295,9
10266879-01,7056799790,vjgMrTOo,92657726378,77
10266879-01,0828296645,uTTuCnuw,16192781289,24
10266879-01,7186793898,bkwCqFZU,78893024566,55
10266879-01,4836770625,hOaYKUiQ,05348708947,72
10266879-02,6673961069,knHTjszp,32868902251,17
10266879-02,9478042246,vVzFTMpR,20852928848,31
10266879-02,8391491172,ueBoVPtg,40977515634,52
10266879-02,2090576245,dpEcYijf,59555481265,70
10266879-02,0004678488,eIWwZBRz,04374814207,79
10266879-02,9580412788,FSvHdTvQ,46739071149,10
10266879-02,1692001936,wAjIyvmf,23077582831,83
10266879-02,2086998539,yGPYHFVP,36942506426,63
10266879-02,6228874738,ZCWMIcIV,74190243804,62
10266879-02,2637384468,NugtkUJn,24524262221,2
10266879-02,3103085972,PUSdoPOx,93736765682,25
10266879-03,1431225470,BrJILDTJ,00562182625,99
10266879-03,7887652190,wGyEgDuY,53533039263,26
10266879-03,6907354565,lqGSoFmu,38718587285,42
10266879-03,0314259361,HkfsKuNE,63415521929,26
10266879-03,6624827176,AAzcSuTQ,34986781647,7
10266879-03,2869219093,WCvCAIos,62543429155,82
10266879-03,1335829117,vqcKDanx,55362115578,72
10266879-03,8858181009,xwgNfyXk,74332786248,96
10266879-03,9603788292,UAhCNJMH,29101561959,18
10266879-03,4364190214,yBCnRMyF,97002643914,19
10266879-03,3288382701,drLwqmZx,36548450828,52
10266879-03,5725219873,VgDQNeyS,34242947512,35
11113276-01,1421441577,VDbYhiWF,41285636773,53
11113276-01,3710087890,ntIigngo,82061426709,83
11113276-01,6214644824,yJhOsLow,82191058016,53
11113276-01,7761426557,CSGFCBID,81692711038,72
11113276-01,5215986547,zjewcwoe,88112922136,77
11113276-01,6065018771,FCkseyne,01685784370,26
11113276-01,6953636901,pBRzNNwv,63086888943,49
11113276-01,9564029555,NwhWSLMJ,74815759319,87
11113276-01,2537826442,cbaKATnj,10486884030,10
11113276-01,8998511157,jBJVsAkU,24412710251,55
11113276-01,1591490543,tVeRghjC,33118364667,41
11113276-01,0822640477,JTDybjpb,43816562635,94
11113276-02,0908807986,ONqtrLWP,40152835711,47
11113276-02,8896591306,AimrJWhA,12583282737,71
11113276-02,2882248524,qOMLaPNH,43147597081,30
11113276-02,0225858928,fHiqDekL,57556350376,87
11113276-02,4089300871,TbTsTJLw,51564542889,96
11113276-02,7029034981,WCKNBqLQ,19448763891,52
11113276-02,2549908177,HUCkOXkk,00718632062,51
11113276-02,9376557640,xDQhpoFK,41019016558,36
11113276-02,8256752060,EmUzlZon,40164256968,19
11113276-02,2834180576,fhyMIAoO,00892013479,19
11113276-02,7757586969,PTLZKZvk,44189886989,76
11113276-02,4917698348,xALtRaCU,64305460283,45
11113276-02,7721270717,VdfjjQRv,38830393227,96
11113276-02,3602285214,sbbuzAwV,88133302040,75
11113276-02,5806905815,BWEqznoQ,28918341367,26
11113276-02,6883457267,AcTIEaEK,65234648481,66
11113276-02,1354779864,GxTCJVUU,58556212840,19
11113276-02,0425264523,zZxkNblZ,39961657049,87
11113276-02,1663923351,dqtkDIuw,35245852905,39
11113276-02,2725014247,iDUYSUKh,63898992374,66
11113276-02,5250839903,dkXcSXFE,70762255775,64
11113276-02,5613952280,LIFxZhCO,61058906033,51
11113276-02,9480484992,wbXWPOfC,88506729440,24
11113276-02,0559572602,aAEnticV,41046094423,85
11113276-02,4003612328,idsXlVIQ,58774635479,37
11113276-02,9865068390,FzHLhGjU,12500179565,41
11113276-02,9210241761,GXhDKQGH,15965415857,76
11113276-02,6649049422,FzOsIPNC,77302097959,55
11113276-02,0330469827,ePxtQjyX,71577938434,27
11113276-03,7082538143,ySgPQHjY,89701554398,31
11113276-03,9165392726,AdHzGyFB,10058819580,26
11113276-03,7164486563,RzpeLACX,98409084373,47
11113276-03,3934184196,lBUInmFq,75243542014,79
11113276-03,1404441436,kiEJoBwl,26938269731,94
11113276-03,8557404679,duZiKojs,00288588955,95
11027637-01,1058841127,VivGrTvC,15431766237,21
11027637-01,6578050289,iRBRLcvz,91161946385,10
11027637-01,8168668163,VBqLuINN,46790779795,84
11027637-01,6381531371,AEbrFfRQ,79191501284,51
11027637-01,6927369811,dIvrnugq,25643210105,48
11027637-02,4487102211,YHoKAFaJ,80576236554,14
11027637-02,5318360322,rkjMEBHX,35017405979,53
11027637-02,8118097977,VlwqtJyZ,61452988177,16
11027637-02,1299480764,PvFncCDN,12721748824,39
11027637-02,2467373523,QCkBlWQu,26046148175,74
11027637-02,2863826741,pbhHyJzg,13146274422,47
11027637-02,2714031406,ugMRGJZK,87329541801,60
11027637-02,3321315160,MkMrIDbs,16725028278,60
11027637-02,7249551986,oFYlaJMG,55546725020,16
11027637-02,7081217130,JHYWAzIX,78705340931,99
11027637-02,6432824478,cqnOjjRO,02574263834,61
11027637-02,0079518253,usrWkmxx,48990839739,77
11027637-02,8541496424,KAmFczAX,12934491391,1
11027637-02,2593661425,oNpYbYpq,22757647498,34
11027637-02,0460922532,AKlQembw,61756669389,68
11027637-02,0895251452,TzAiJfGr,98463218432,99
11027637-02,8040130073,jfzlFgsG,11519012213,73
11027637-02,2639668911,yLmKxwiI,08006702094,76
11027637-02,4340323648,slsuygoN,04318007524,71
11027637-02,9692212317,cUeYpCgH,53848530225,54
11027637-02,8602161112,kCqSSMsI,84511758819,6
11027637-02,9446105885,EuoEZwrZ,11811741129,85
11027637-02,6653025261,JUahNlJv,27997549268,39
11027637-02,8115167341,pHlCZNjA,61798484113,81
11027637-02,4632424121,QGvxzNJl,15021747696,25
11027637-02,4196474066,kFOIROse,89853283057,55
11027637-02,4904161767,oDagVGsR,43844008906,25
11027637-02,1507047194,iRIXYGxQ,36372566225,71
11027637-03,1974012812,yKZjPwNv,32280476049,87
11027637-03,9513095683,HqPbMQeW,19340444351,39
11090473-01,2132248256,pWPJmgIN,33025945367,25
11090473-02,7187095771,yLnKlxsM,72988443796,7
11090473-02,8265589709,xpuortUA,90134349199,74
11090473-02,7577052991,lNxpezjf,10902472844,46
11090473-02,5679041776,vbCAcZtj,28855176046,53
11090473-02,8786339055,vbLMvcgo,78264598044,22
11090473-02,8828209644,tiGtNNty,67980177261,91
11090473-02,1013301681,hXbUICLE,55017642072,12
11090473-02,5447826487,LHqAgvgr,78956128770,96
11090473-02,4849171621,FDqgRmdE,22747663646,1
11090473-02,2564343646,vSrtLnQI,34292269875,74
11090473-02,7704231174,OMhJNGNK,22081961261,66
11090473-02,9252593763,RbBxntMk,91694977734,21
11090473-02,0954952665,hYnGBgff,22523991269,20
11090473-03,1464312380,isJuSXvp,64310950400,46
11090473-03,9020467812,XTUEHHYW,90397714050,41
11090473-03,5500233252,EchcCErc,43812248987,28
11090473-03,8259531445,uEgkuCBS,26064205644,65
11090473-03,4471700732,arphWcUY,38819426327,12
11090473-03,8818783360,ZYksVciI,12819038274,60
11090473-03,6616858076,XaTaWFGQ,11530190015,8
11090473-03,1802785469,aJZrQANv,69499722275,57
11090473-03,1373430359,ZIGwTbNZ,32329014273,28
10686907-01,0254688978,adOKVUXk,47220297225,79
10686907-01,6871907440,ocXercxq,95144424396,83
10686907-01,4548946376,uSPhpbAw,17411061109,97
10686907-01,0855880869,EwgdAbZU,44925337028,82
10686907-02,4435135502,glrdzZxx,40632040986,47
10686907-02,1373457748,YgRAtpeZ,96206115026,79
10686907-02,0647342253,flkPHabU,22749802279,38
10686907-02,5775968423,XmVQOitV,63641220967,82
10686907-02,4709244503,BRnUMWJh,57017231571,95
10686907-02,6997595900,rSnUZlVl,73831865659,44
10686907-02,9015793857,SnMJmLyO,28770259717,40
10686907-02,4108082290,yTEiMRiy,87128234604,12
10686907-02,6305913029,ljkRitpx,45838647115,56
10686907-02,3000421988,eLxwLtIv,46483242325,3
10686907-02,6703827659,msnChhUj,24926960811,22
10686907-02,6854689286,oObLuJvE,99419086929,55
10686907-02,7297851967,HWMHcEjC,48186457601,58
10686907-02,1152054546,icyWaJun,01069561256,67
10686907-02,9395424031,PrsdWLYu,74764342099,34
10686907-02,7613194827,hqRWvPCT,89169219581,70
10686907-02,2857017349,LIOMztLl,96820445401,51
10686907-02,3266240595,GqbvnwRU,48109170282,87
10686907-02,6783385195,hBGXgdRG,11243555245,97
10686907-02,1737538464,LEYwkZVv,17533491652,71
10686907-02,2957783449,mwmvfTZQ,38805857898,74
10686907-02,9580748133,YDvCqAeZ,48384221991,14
10686907-02,8119220351,kJzhtzhO,64962455451,12
10686907-02,4593291820,ekgnpRzZ,39585578235,7
10686907-02,5402085386,HmioTXSE,97233215659,64
10686907-02,5905556612,ELtJosQL,50003943035,82
10686907-02,1864750820,fbpDXotH,52769215068,9
10686907-02,4852297038,YTnKEhmm,33940351026,85
10686907-02,0041727171,kclMmHxX,65374545153,73
10686907-03,9640832523,uAAIFjCP,41713800906,73
10832775-01,2591847567,tQudEVcj,69941893713,39
10832775-01,9769893732,BpZQUfdf,02562588653,71
10832775-01,4322362986,OcsWfvRc,52811050189,58
10832775-01,7950025618,peNXsCqG,30826180504,15
10832775-01,9954675615,EynkUvCM,55710801712,10
10832775-01,9696651964,VTNnWLwS,36832754366,2
10832775-01,2235196682,LStGXuyM,59291638468,93
10832775-01,8588930258,hUIRkNfQ,23454261418,7
10832775-01,2435258051,NjwnvHLg,73472908541,13
10832775-01,9600360173,sBLeGRtf,34143943595,10
10832775-01,2184974077,uKLqCgac,31497876795,28
10832775-01,6518029634,kzWwykoT,23841825082,91
10832775-01,2950793450,ZuHjVjpD,09911378036,59
10832775-01,5209832121,iTTXnhyR,02984601294,61
10832775-01,8733069878,GgTbdYvv,71247666880,29
10832775-01,3920950947,YIOVCGgw,00692157931,43
10832775-01,6081640409,yAombQNs,99677407181,71
10832775-01,5832651440,KesjnZZc,35079254849,26
10832775-01,7523099351,KVJXfbCA,05983902953,62
10832775-01,5378445768,xTqBtGPQ,42506799504,72
10832775-01,1208660076,SEvcGoVi,58707236190,74
10832775-01,0001601263,motzTuXy,91201592423,12
10832775-01,5201146433,nfSyRspn,33479662124,66
10832775-01,1038214270,vdHeLaLX,26750513688,43
10832775-01,0033989688,rhzkMupB,94618626686,1
10832775-01,7968264876,TvHmePJh,01570715912,93
10832775-01,0345777142,DiGGAJco,52869668306,62
10832775-01,0975095431,zfZmHDXW,31124382112,88
10832775-01,6702555489,JNygyQom,84445690320,17
10832775-01,8183184885,DcMTyUND,26968484923,33
10832775-01,2635963730,dSXTSrcH,51824480702,58
10832775-01,2417696225,PUBXWHOt,09268269931,10
10832775-01,6962722804,jTDXJoGW,99231127989,20
10832775-01,2765225082,PdptTvUu,66229709760,36
10832775-01,8466766212,ZsFxwkpo,92004969683,3
10832775-01,3606235785,NJCKOGDP,13656405906,73
10832775-01,6951734571,twPqtYys,90801449356,27
10832775-01,5731356873,oBUDRSBy,37205566620,68
10832775-01,3463686117,CNidzktK,56309420168,36
10832775-01,6742913080,BeCJvYIj,72587369671,93
10832775-01,0364726724,KAJEgVxb,60374190392,9
10832775-01,4750703983,XHxhtVGW,71405595494,72
10832775-01,5829613328,FdGDDfYp,57274105646,88
10832775-01,0855654701,aHCVEycy,77641841126,46
10832775-01,9233890767,HasqNxEQ,25697594383,71
10832775-01,8499858191,PKfTkOBM,82685622989,51
10832775-02,3927516207,rinLNRfj,13613133573,59
10832775-02,3009376923,PynrJeQN,38418128314,30
10832775-02,9176238881,WfQRHOaw,00218195489,54
10832775-02,4954123082,IjLNUhOE,37514046291,71
10832775-02,7127175772,ZzlrfIXp,28130128391,11
10832775-02,0893033786,GTGXRlSv,83594076097,23
10832775-03,3962585071,aovzodMP,59542554801,16
10832775-03,9406919397,MZIzFPSM,62710111726,61
10832775-03,2426175276,zcoFNVbP,82300123994,78
10832775-03,0888204251,OXiwoKRe,82554014828,16
10832775-03,6454950714,diLirbTY,31398821364,41
10832775-03,0174703473,kwGwRTeL,65044189396,81
10832775-03,8255256538,BhZhfBaH,68325540218,54
10832775-03,5780266189,yxbmZBdG,53583467353,56
10832775-03,0262689005,WdqESQZM,88617800816,73
10832775-03,4672370406,fpVOoELi,95757970897,95
10832775-03,8925303786,MbYkdjUf,77591070973,3
10832775-03,1049800615,fOadhipk,25496307648,38
10832775-03,5479831230,lUxToBWj,64114569022,15
10832775-03,4433352554,hAvufFsS,61334690966,77
10832775-03,1308678033,uWUGxSMw,31205328454,56
10832775-03,8700351141,bUkDUAZq,62947411661,28
10832775-03,2855630822,MHnGkbIB,76627848635,25
10832775-03,1710096648,dblXeRaD,93156891353,68
10832775-03,5543668342,sRKVNzYW,98628827656,13
10832775-03,9896791270,aYBRNFBm,58289775038,11
10832775-03,2590139117,oOmebQFx,19356841657,46
10832775-03,8064634710,DuEIAlmh,29909905277,21
10552174-01,2824859244,hdWPsFbI,06000300048,81
10552174-01,7857307612,MYyOsGoD,30968642406,89
10552174-01,7737130228,tzvhXBUx,24456363511,25
10552174-01,1060412249,YccfRZZV,02568693391,98
10552174-01,4864163610,sKlCjUrd,21078399477,62
10552174-01,0558030954,GUVcryzO,64820375040,26
10552174-01,5578736241,QcOBtSRX,29877585061,46
10552174-01,3492257946,vSklJgZz,50241256575,46
10552174-01,5870064754,kfmvdoCE,66517907505,39
10552174-01,1715228513,BRkWFjYF,60675911778,56
10552174-01,9794562810,FeIZyFRp,98768763658,59
10552174-01,9329665300,EDlXwJof,12765719566,14
10552174-01,1685476464,XqcfkbNE,12582308097,2
10552174-01,0514061087,SNMHfFIy,72640575643,15
10552174-01,5369644812,hwYbYIZh,09671695794,93
10552174-01,6705335726,rCAOfafu,00537764137,24
10552174-01,5605905342,nCzVerpY,27133879955,46
10552174-01,3668998531,wjdxaBWM,38722386329,35
10552174-02,8042923195,lXUEmRYn,35442484210,100
10552174-02,0318675182,SxuheXks,12656675359,33
10552174-02,1378145310,kNbjExhD,94982431874,20
10552174-02,5030340299,tjvWJxNS,54158178986,97
10552174-02,5090456639,nPVndcVJ,30349674668,48
10552174-02,4190309451,lJRpKNlJ,38182659421,42
10552174-02,5209924806,JBBpiwPF,66693115657,57
10552174-02,3866839783,lynOZdcI,27277858013,93
10552174-02,7176425833,FHAYciPn,04926891191,40
10552174-02,1975770129,NuwuzWHR,47684688274,59
10552174-02,2331452690,dajJNcAF,33386409316,0
10552174-02,5090865007,GTvFWUcX,23091435612,41
10552174-02,8166205950,yZnqAPbx,94927141340,31
10552174-02,5452544042,LmBGMZPG,53393885867,43
10552174-02,0678724513,ABHazRQN,45765498226,26
10552174-02,3574161228,ZBvQLXBZ,06246210916,51
10552174-02,8850977411,zTHyuomx,70590470057,60
10552174-02,7605401763,zBwByKQM,84106847753,10
10552174-03,7562666392,wcsXCsFY,91460556344,46
10552174-03,4830216998,pSXWpoCF,75687295010,59
10552174-03,5907098518,ZEDccsRg,05729723758,27
10552174-03,9996511613,QpxuAPwn,88246976526,93
10552174-03,7736064923,jmklnXeW,30923265868,75
10552174-03,4784473524,iQDxgihj,09671600313,99
10552174-03,0332073407,gNdZHQjA,58416628692,4
10552174-03,3628530023,WStzLZvU,91443306775,43
10552174-03,2916360300,jQimsrIK,77640154915,99
10552174-03,1777601459,TJWKeggQ,31395703094,4
10552174-03,4004633250,akLqEOpS,70419855312,67
10552174-03,1439010855,cuAYvGIw,23870857075,43
10552174-03,2289002521,reOQktXc,13256569100,31
10552174-03,4202013688,thaKCMZC,77452129238,51
10552174-03,6970185693,VMnXkvFI,41326599812,69
10552174-03,7956262697,HeywCBKK,17787334554,67
10552174-03,1478307994,bibkEjaW,87902738884,66
10552174-03,7066068340,ccUqxodT,80141658164,16
10552174-03,1366413542,VTtBGZPs,24198847423,57
10552174-03,8658966609,bokaeMyb,55893518187,99
10552174-03,2008576614,AWmzVSwr,69953314331,55
10552174-03,8908146070,wrnzLRKX,20550776745,70
10552174-03,5418505389,wGjzopDF,05514010682,16
10552174-03,9874092321,vfzgHddI,68946364305,69
10552174-03,4407086909,jfhbGOYz,52312649501,31
10552174-03,7581472992,AQVxtQGV,65175247908,1
10552174-03,5187833959,cOgkAJYH,44014138712,73
10552174-03,1326607974,uFUxjFtH,23098641986,33
10552174-03,2201000140,ImWpaJCM,86852267148,39
10552174-03,4997509918,eEZRduZL,70834446436,39
10552174-03,0084746170,iigaMxQf,17194854813,46
10552174-03,8108342209,agQWypFe,69735389370,88
10552174-03,9205954497,nFHPmjBV,49248836898,39
10552174-03,1920319167,MBIrJXTS,36062734554,33
10552174-03,4900128278,PBbEDIwH,86875308252,77
10552174-03,8379880869,EDVPXUVx,54365057068,61
10552174-03,9952137081,WzJYUiGe,40354259270,14
10552174-03,1182619807,duicMdQl,92612736076,20
10552174-03,8973522909,fvQAAyCD,71396982830,69
10552174-03,6202704456,JElmdDTu,92577343902,16
11083201-01,5511085181,HZOqqWev,94633401595,58
11083201-01,2961080528,PDFBnpTo,43408806952,19
11083201-01,3324842819,RaQZdKNp,41839236530,64
11083201-01,1708144488,ubqaUTAJ,64706406919,11
11083201-01,7811870915,EaRmTEav,48913201232,43
11083201-01,4373592602,WbzASKlS,66089869702,35
11083201-01,7806895439,ucLgHrgQ,35287326439,18
11083201-01,3727011673,cpqEUfKn,85151509332,60
11083201-01,8129001880,hfHjMABv,42479023699,10
11083201-01,4653345537,SnvgPkEA,05786628522,65
11083201-01,0606768937,VdKHRLMI,04070803180,30
11083201-01,3371423581,qTvVKHBo,19471502023,38
11083201-01,5017418787,bepTpLCZ,11479719806,59
11083201-01,1021960080,QRitjoeL,99941777426,51
11083201-01,0107861533,TOKEApAn,96252091094,11
11083201-01,2158754008,GCGsbgRo,46592223459,95
11083201-01,7096316850,JrwqFeWL,96811336629,84
11083201-01,0639793100,znkutKGV,65030030052,19
11083201-01,5416132615,nXoYOdHR,97497483965,51
11083201-01,8238959533,HWoEOcVe,67690541487,93
11083201-01,1871949104,AAmomQMU,80111206386,63
11083201-01,8401172888,knJqaFRY,73614002526,88
11083201-01,5071722730,UjYdGpOK,95291104491,72
11083201-01,5246699811,zSFtmnwF,44680778394,43
11083201-01,7679392174,konrmqEJ,67050636276,86
11083201-01,6339420720,vEFJgkmG,80356607238,22
11083201-01,6924410903,BFgwvrJk,28962361517,81
11083201-01,9938567385,nioIHvPE,37335686120,47
11083201-01,8638619473,LJyXCYNl,58691897981,28
11083201-01,2197619485,RdlzwRfe,99954565225,35
11083201-01,0474532580,yVKymiYb,67353217049,14
11083201-01,2602951933,TRwzQRIm,15872723265,89
11083201-01,4371697606,EMLmsyae,53759835183,45
11083201-01,6781765444,HYfseEmP,64834875729,44
11083201-01,0901822260,JvkgMPNF,86095064967,68
11083201-01,0572896781,AuyPQovi,64694811959,46
11083201-01,0049582691,LUEfuovM,77564661423,29
11083201-01,5527806303,lQnonbyd,52992587020,73
11083201-01,7054140128,jFWsMxhV,48491675319,76
11083201-01,6993293064,SFzOWHQZ,15144923850,14
11083201-01,7278566420,DpwwqCac,57556797989,52
11083201-02,8171895539,cHCZgVad,07285018910,87
11083201-02,3501195730,xcZMQiGJ,85560205935,20
11083201-02,4333668863,ESAysmYB,24229860935,88
11083201-02,7763036794,hKijdCrr,38039455059,7
11083201-02,0091041194,FxvSqivf,05895897766,88
11083201-02,9178613794,HJkMXNhn,01156057418,34
11083201-02,7472688738,NXVsDqXI,63553782496,89
11083201-02,0268961438,QAPcwcFE,66435849860,50
11083201-02,9902708633,zkCtBeLN,07717310096,55
11083201-02,3439482538,Ubffpncn,82196912145,2
11083201-02,5658075099,NXMbXxDb,47168420609,15
11083201-02,4971321613,FsRdXIAV,31063494643,98
11083201-02,4189077077,kIuIkQjN,24777052801,84
11083201-02,2452528090,JDQZqvwL,65417987152,91
11083201-02,2238715486,GTIMDKGq,23868385444,73
11083201-02,2879106476,uKpEXdLE,05220718491,92
11083201-02,1276967101,goNnsJaW,95339565924,37
11083201-03,7177725454,vXOCgeyk,70111519687,69
11083201-03,1655230400,USsKkCHb,43601349678,31
11083201-03,4343168717,BIfumuZX,99898472506,68
11083201-03,6096362727,MrbIWslN,05658594931,49
11083201-03,4947478736,AWkqrrjF,69363143018,11
11083201-03,3895035708,HNcaXCQT,47302936267,28
11083201-03,6645900371,pByCqIQc,77055099987,65
11083201-03,0839867149,grTDQShM,60885744039,66
11083201-03,7438981227,sZSgGQFo,63172310059,3
11083201-03,7569747330,jIwftgvr,21697188950,45
11083201-03,7952446040,vuGmbLHC,51580730389,91
11083201-03,5592514720,jyXAxnYU,48651728758,38
11083201-03,0088834268,xevVwUXa,81149668210,50
10112318-01,2699181649,rzRrtWJu,82656538452,52
10112318-01,7567678224,mFjYFtKZ,91559403055,42
10112318-01,9110927176,YgEOEMhD,43132240132,97
10112318-01,4772436477,ZPkyCvJK,48914109258,82
10112318-01,5513358498,TAQKpULF,06910978037,11
10112318-01,5634083466,wESjWfUy,64593918113,24
10112318-01,2260332210,FgbTJHam,16731881842,12
10112318-01,5986138347,SDfHWTsf,53961349333,76
10112318-01,4226545321,YkcrMoUE,26053115374,6
10112318-01,1312238297,bWhHGkGD,37422899528,60
10112318-01,9584291658,KFLJgomC,66506767351,33
10112318-01,4487540704,PDNPAots,73343046329,19
10112318-01,1856028325,nJHTSgMK,09372639375,13
10112318-01,4572728604,wMHtYjgO,84571674919,7
10112318-01,8551944329,kPSAdwKL,54204334783,20
10112318-01,7436600540,ESRjZLlm,44445172017,3
10112318-01,8449942110,zHVeEOci,94842337703,69
10112318-01,1916907644,KRGqLqlI,08513904444,90
10112318-01,6871093393,QBQhajks,56734262820,83
10112318-01,5975082311,HdySyyNE,06701490098,78
10112318-01,6905173167,nzNgObqj,18745293557,32
10112318-01,6223102086,cNAAPBrZ,40078873036,77
10112318-01,5549875871,XOnvSrYb,06780009577,3
10112318-01,7922583184,nTUVWvqR,53353756445,40
10112318-01,0671083370,vEFiXKpP,94872382810,40
10112318-01,0565715420,iWLYghmv,57443446474,38
10112318-01,8624215554,RywEVlLU,16007218569,21
10112318-01,9069718396,ebRyPaXu,75015552205,35
10112318-01,1110474261,pWLdDYZw,90679063452,11
10112318-01,3993519088,CirVfnzX,15922403605,25
10112318-01,4485384423,zQlaQoye,60496309488,58
10112318-01,4618204918,tOZSvADm,66988055430,43
10112318-01,1470854034,eSvwInCK,08844216439,31
10112318-01,0673163153,WAuCdDOm,94347021689,30
10112318-01,8829772601,ixOLkDAf,85175251501,60
10112318-01,9786833441,IqSBCPGa,74271764335,70
10112318-02,6121790473,IpGpHdfE,17175306525,45
10112318-02,4236890356,KXVWXLZO,88789036891,55
10112318-02,1026084792,jSCAhLvv,87673516261,8
10112318-02,3843097747,QtvHhLJk,84589564864,85
10112318-02,8999176075,rOWCEjpR,37311280340,52
10112318-02,3395090570,cpITmGzF,36002108063,1
10112318-02,2174618928,TpFNDOYV,49981423771,6
10112318-02,2912509756,HKRLyyrv,39860579456,96
10112318-02,7813607754,OiIGdebU,16642988565,70
10112318-02,3082333785,exRSqfSH,46652773105,6
10112318-02,9312441423,UILMEZZv,39860160121,83
10112318-02,3995050801,SOdAiRCz,55359218850,82
10112318-02,9213003992,udLWfaQn,47241943755,22
10112318-03,4207076940,gDIcdtch,13639797722,33
10112318-03,2534095983,WQjwiUEH,37250679800,2
10112318-03,9579755741,hRBrjbwX,67156357092,74
10112318-03,8048656624,wZkuXPZP,07070472676,0
10112318-03,0918360765,VqIUtJPS,32197444242,26
10112318-03,8900618174,iPOiAgma,76158425454,82
10112318-03,7919437495,sFsQQTtj,04499798743,49
10112318-03,0854227623,nazaOoPs,87044434143,96
10112318-03,3648698290,yLfWKWHt,02730955320,75
10112318-03,0222989382,FWMSvNLN,47944184335,45
10112318-03,4858752897,yzmdxEVr,75173437467,10
10112318-03,9544638743,vTLwdjuT,33524869403,29
10112318-03,1937638159,RecEYryk,05664086994,75
10112318-03,9757192342,GnuXINen,31855850915,46
10112318-03,9325515585,ilEtJrds,30083932102,22
10112318-03,7415271018,QmVtaFPS,43500020729,62
11135333-01,6873772016,WIWgpuzy,29946721512,43
11135333-01,4838696891,JHcqZcpq,42805510601,87
11135333-01,3783174183,WtsbKMaE,39002955551,70
11135333-02,7193324194,SATQMyBm,89419573338,82
11135333-02,0160805034,uVgBPnZi,76469022524,84
11135333-02,0483630995,KyJRqbXo,30406456173,67
11135333-03,7215665207,VZcBFEHJ,73644892788,86
11135333-03,9237100686,ShuSSJWt,29169017073,10
11135333-03,3004910494,VycfGtMF,41422693606,83
11135333-03,3404867911,zftTcpRa,04290139348,60
11135333-03,9280889783,fLXoLSaI,04229037528,60
11135333-03,6973999889,ZihzRlRJ,31516780248,28
11135333-03,0649335511,jLJIsahu,40241361161,87
11135333-03,0835843510,dbZvyFVk,73917767624,28
11135333-03,4943259819,KrnQwXSb,99424115528,2
11135333-03,7342123025,RgqBWGBp,57941561597,12
11135333-03,2291854755,NeKUHxGW,78652390249,20
11135333-03,8199583121,VwaVqFoY,27452597793,75
11135333-03,2856475136,LGpnAxfG,52181322295,5
11135333-03,0709335084,mnVghQgT,49250724763,68
11135333-03,6530240759,JfeOqiIn,92433568049,97
11135333-03,2800590911,hJZMzqgN,43928502081,1
11135333-03,8597223272,oxEdLrLK,52792270456,27
11135333-03,2432243313,SUopvAOM,85700263779,60
11135333-03,5235000819,mufPrMFo,80401463783,82
11135333-03,0307468971,cRMEoFmC,63794648187,9
11135333-03,1446750532,IlZPuYaE,19053404323,22
11135333-03,5965957751,LUiFpjjh,99400915158,43
11135333-03,4148123740,cicpNebM,35520084556,41
11135333-03,8706148215,kzsGQAzl,98220008192,59
11135333-03,1172809204,DvwUkngX,43655789200,69
11135333-03,6859073803,emBqFofZ,82537076727,12
11135333-03,0935572394,yvjIJwLX,55342071938,79
11135333-03,0872328793,HHlSfyFh,69918345303,71
11135333-03,4741776500,qCqHFfBX,09658952262,85
11135333-03,9087532049,NrbnqLqU,15171609601,80
11135333-03,0568906364,yqJPpiBh,31663089979,70
11135333-03,4581836568,tGYyljKU,50163207466,7
11135333-03,8397111829,wuGSblVU,13857508394,43
11135333-03,7783854642,zrqPtgbG,21800327200,88
11135333-03,7997584984,wPsGHMeK,70531537008,24
10947216-01,0627402758,DwPALOZA,80671633980,77
10947216-02,0107171325,aAySulub,53707663710,36
10947216-02,0649191943,dTTnymzJ,57270985596,96
10947216-02,9971332025,iVbdXMuK,53987372952,16
10947216-02,3636951678,CCwnRaJK,93523257003,40
10947216-02,6652194092,bdSWWZAA,17747877870,96
10947216-02,8129340609,jrXSTJSa,13250988092,2
10947216-02,0911195242,ykkaVHeI,48003197144,75
10947216-02,4871996690,eUExXknP,81559657082,72
10947216-02,7196841824,Ykmivgby,14072348198,76
10947216-02,4300892562,nRFSYpoU,38879827194,11
10947216-02,3828346904,SrkStzbM,87390239086,60
10947216-02,0237267254,TIlXsPkN,99557979872,11
10947216-02,4907505537,sorlSXTe,44795280559,45
10947216-02,2774284870,MltpVZTB,46853739684,24
10947216-02,0935744358,osvgqdaK,71526377882,86
10947216-02,2388634682,xbNUHJrv,63268829218,16
10947216-02,7043334887,hcDhcWWB,83571567986,10
10947216-02,7257061806,gaJiDAvk,01042528949,65
10947216-02,8173605970,rbhgQfSd,94402507688,28
10947216-02,7433945284,oaGSruBa,88414719909,53
10947216-02,4884557341,mGwvmQPx,29153429162,54
10947216-02,6435389875,vjrcggSW,72384588381,5
10947216-02,2228323941,BsXIOiso,95654540714,50
10947216-02,6510179320,xUZwrdij,90591594031,14
10947216-02,5236725280,WwuYPxwi,44355779960,4
10947216-02,1416531152,mookUjYF,04964127202,49
10947216-02,3461327500,TYgykrjT,48522317561,7
10947216-02,5989154572,tacvhIFx,57145412814,25
10947216-02,0834439985,fJrTsIRY,44932134463,13
10947216-02,3727124941,rbTGylyw,14045857387,35
10947216-02,8828832463,qPWRIHzg,72688199632,43
10947216-02,3922682365,YTISzSRW,70901709827,47
10947216-02,6309250768,nxXdHCOW,55948882690,62
10947216-02,2529192092,mlygUxEc,37273371931,56
10947216-02,8717484684,bHhNTtrh,50691086445,54
10947216-02,1051544351,PagVAGmg,57292407430,97
10947216-03,6683463998,sgoWxVHm,73956717073,37
10947216-03,7057963249,uodhYxAc,35055251075,60
10947216-03,3248316878,bVviUrsr,68314248359,30
10947216-03,9673228952,zvwMEDpv,82056266315,41
10947216-03,9411959794,damVvRxK,57585765642,39
10718226-01,6975062980,TlOZdJnH,55155134026,4
10718226-01,1573233554,XLkTvqVQ,40788789374,72
10718226-01,9651559843,KFzjSvCR,48834006637,72
10718226-01,8808438431,ORyHjTli,01598571514,20
10718226-01,7829216093,shMfdrCP,74232377021,6
10718226-01,8938304662,DkruNeFe,74590428862,76
10718226-01,7091002252,krVmYpHo,27603821759,37
10718226-01,7267290775,CTWRiOaU,99270689691,97
10718226-01,9185562152,eqINIkDW,71543218070,77
10718226-01,7237314872,DvYUOqHq,65182691277,78
10718226-01,1099615526,qCDocPBO,67302141263,73
10718226-01,7268718329,BSdNRAZH,49377498700,92
10718226-01,8683711852,tLRtbbEZ,04158418395,47
10718226-01,9682591581,PkxduYHj,32902328649,85
10718226-01,8088126657,oyLnImBu,34896241639,76
10718226-01,6876557398,ydCDWwbd,46329751983,53
10718226-01,4817255708,UnStuqCI,44173024823,38
10718226-01,3675136192,DxKsCBms,62863556977,26
10718226-01,7201390700,QDvNshpe,57423729997,46
10718226-01,6109833270,lviYpGVI,96878278364,82
10718226-01,4996467721,DUwicFsf,06446387374,13
10718226-01,5885483404,ktgTOFeB,21662460826,40
10718226-01,4075515993,MdTWVKxc,63826225011,18
10718226-02,7433089394,GStcHPyL,24730319442,64
10718226-02,5106213709,JoYDDbZZ,55105852028,15
10718226-02,3857017311,uJTkpaiD,73147447515,4
10718226-02,3747748186,EFWCjpBI,51377224785,66
10718226-02,7586426963,VOcAoTTE,08246563302,79
10718226-02,3293205465,bEJKsRrM,29249964165,73
10718226-02,6919739761,CHRPQWnL,05063158796,59
10718226-02,5504079622,NFZvdfVI,12753550449,58
10718226-02,9060551042,tiyYOCwI,13481234401,40
10718226-02,8765463219,MAJCElCa,45718849400,96
10718226-02,3771912266,CnZojDKp,86565562633,97
10718226-02,6637080725,cMKIQCTD,48839007029,3
10718226-02,7606262845,CWjCyGYM,68621285871,76
10718226-02,1804383403,neHzuArH,70725428270,8
10718226-02,8933815641,nEuXLfNv,42000737943,18
10718226-02,3662264265,VhGcPFcp,52959735521,41
10718226-02,6533547546,peFPoOwJ,04464771090,68
10718226-02,2503914070,pvWpfUXO,01749277693,49
10718226-02,1463462042,UKilKgly,17624202462,82
10718226-02,4142392379,JZIFvMAA,78380925125,12
10718226-02,9567892866,arBxYIaN,08085338549,8
10718226-02,1546543553,UNJTNtLM,51133185841,95
10718226-02,2707045699,IVjDopEg,64259117550,0
10718226-02,9316602485,gfJnIROh,24513197757,72
10718226-02,1427503379,lrsDmCct,77126275980,67
10718226-02,4623987725,IdWVsEWJ,76665016202,25
10718226-02,7085067887,qyediDrt,90064840279,52
10718226-02,2291850408,hMmFXRPe,24821840355,20
10718226-02,4337917853,DGuUitaS,68395855889,97
10718226-02,9033036749,DkYDmJYq,49716252446,72
10718226-02,1133428613,btcyjPkx,87273927314,73
10718226-02,5588197362,RBUkYbpG,22030079849,12
10718226-02,7195960462,SBCmUNDS,89598969892,30
10718226-02,7606595432,zAXicdSf,60238915132,52
10718226-02,8415127797,vpazjMyF,26730713015,58
10718226-02,4922928429,KEHMslBc,50827558506,4
10718226-02,3523491354,SyqKujmr,94885304565,81
10718226-02,5282618184,JpmkaBsP,52371538935,65
10718226-02,7189494667,BDPVkBhO,39764320848,65
10718226-02,7610981484,vSCEFXrS,50008420905,76
10718226-02,4172950226,hJxyjxuw,60101320170,27
10718226-02,7377362323,YuFnwCwk,47257467216,96
10718226-03,0295132220,XmkJveIA,28444432387,50
10718226-03,3808838577,wYHjgydY,22481081369,86
10291309-01,8873934152,HRyPPymx,08981608137,84
10291309-01,2508723671,XsDzoYHH,21376458488,63
10291309-01,7992959328,WBJQFXFW,18763190318,26
10291309-01,5878390596,KwlWkgpq,16502290967,83
10291309-02,4046530586,AQcoPYhw,44941162995,49
10291309-02,6660536702,sasOLEVN,74209764301,28
10291309-02,1932856503,maxmRiQM,60562419272,36
10291309-02,2430911253,lYfptCkk,75358818577,46
10291309-02,9927823465,eodSAkrB,80614724952,82
10291309-02,6162010315,UhUrjmPB,53232011799,53
10291309-02,5467504950,puAgAnkc,23423645338,96
10291309-02,5866747383,gYAlUiij,68781384090,86
10291309-02,1772267613,hihpoRRC,59407893497,87
10291309-02,8065826729,BrxBzLSl,66697731610,20
10291309-02,1867071089,ANuAlGXf,38079682196,5
10291309-03,8589864748,fSBMUemK,17863812323,77
10291309-03,0461732546,fqFlACsp,39991519404,67
10291309-03,3580799816,IDEhSxod,66076783808,50
10291309-03,2206263688,gOMcLGxl,53943690539,61
10291309-03,4883163451,OyWMapOY,18414847076,44
10291309-03,7097856577,TPqoRRgM,48952174535,63
10291309-03,4741202674,yAvVeyRo,65425099726,38
10291309-03,9583147676,zaHAaFNk,10028109444,87
10291309-03,7116176268,EtWzhDzZ,66195035509,86
10291309-03,5276433030,jKnJBaGr,22803258914,33
10291309-03,1644484327,mTvjnson,41694724640,100
10291309-03,4067159312,aEnaVDsJ,14468574678,20
10291309-03,7869968108,fMwURyqT,70902678551,26
10291309-03,0535847217,FRmznldw,44725452783,83
10291309-03,0008872995,RwgPggDK,25048521756,84
10291309-03,7821947998,HjwOHQiC,25411147715,67
10291309-03,6557142592,WmRHTWxQ,13404651998,73
10733575-01,1185270479,ZrTJDDNp,10152936544,82
10733575-01,3049782905,mZyfVbhm,76549863232,49
10733575-01,3338634735,xooRKPkn,02443687725,26
10733575-01,8913146108,AmJRiMBT,89046617315,48
10733575-01,2706873093,wUparEKJ,39885149044,1
10733575-01,7120496365,cwEzYhBO,73391858698,75
10733575-02,5027678311,JWMVusNh,64965779099,52
10733575-02,2922321674,cwzWmkrL,97818426853,76
10733575-02,8995230065,CYeaOntm,40440018894,68
10733575-02,8278585710,wWsEnjKC,83384713147,25
10733575-02,2876575990,kPrNomab,81610852340,56
10733575-02,5050821414,BiyYFvoL,73751056176,62
10733575-02,8701488839,crEknyuy,60137962181,22
10733575-02,9072366962,TzCaIcKb,81731756559,82
10733575-02,2300873112,PQNrWTsR,96973760540,32
10733575-02,8008125720,aWQeNmIk,86854197530,42
10733575-02,6500224122,cwxUYYEi,02430913700,73
10733575-02,6409954940,uRdWwGjK,09434890079,52
10733575-02,6775943420,ESaLDyZl,46873732508,90
10733575-02,3579167625,wXdosvWt,77975991584,5
10733575-02,0820426080,HgmOQXmo,83032302954,94
10733575-02,4028100305,aGOnLrlc,53190513126,37
10733575-02,3488525595,NLGIMFrT,92096359370,10
10733575-02,3371206416,UEZtmTDh,61809015661,70
10733575-02,7409562831,mEXJxUoV,89405175373,70
10733575-02,3810266057,dVICuQmw,90745393705,75
10733575-02,7229965088,wklLuyTO,67270527578,9
10733575-02,5445037469,qTsLVcdx,94896140071,18
10733575-02,4341538551,AUrLWHqQ,39615245554,53
10733575-02,7729218578,FYDUtGlW,69837467781,50
10733575-02,4046510963,ixWRMPIM,76436578057,99
10733575-02,4399131296,zrootRbn,64725214611,37
10733575-02,5056971531,PxCfZBdb,43482580389,11
10733575-02,2746513260,EVYgaPXP,46791026209,69
10733575-02,1738735384,BvWavMVp,25397430127,75
10733575-02,1233705987,DBokHweZ,71663189479,53
10733575-02,3475548186,SrmNSakx,20695417219,31
10733575-02,9462351434,wquMbUtG,18990519896,26
10733575-02,5399062143,jsROmTAc,37290842356,34
10733575-02,5071224224,SCJUuERH,34671315631,4
10733575-02,2456369977,qqHhUrIt,77320485258,73
10733575-02,8027301731,aOUruwAI,30383828169,60
10733575-02,8789905851,JTUSJGLN,97220911334,49
10733575-02,1934982870,wSjxnhde,88194890846,36
10733575-02,3246607399,OuARnIik,51884278027,87
10733575-02,4893878429,VvTLOdwh,55912425673,100
10733575-02,8692937710,rKGnRNUn,85442690677,29
10733575-02,8555432364,nMzWBANp,41326518063,46
10733575-02,6217189673,VzZonoZi,91821529525,54
10733575-02,2808463177,PyLEhlZb,45448945827,75
10733575-02,6148860803,CbuHTClU,61119565008,20
10733575-02,0061160305,xZlvYCDk,73583780208,78
10733575-02,5670373498,DqhOmfaM,15387514699,98
10733575-02,5228654721,BxMmGxWM,44274680607,45
10733575-03,0818355286,HxfGxTZY,08933024079,39
10581287-01,2547410148,AigtChAK,24183851358,68
10581287-01,2277846206,gZTpEogS,99769313999,96
10581287-01,7443041138,zzaFEEXL,28470714324,29
10581287-01,9952745578,zlbyjFQe,11188813020,54
10581287-01,3309463264,bYNLcApw,77085063984,20
10581287-01,9560301464,hgmjgHBo,61012198289,6
10581287-01,8407476649,rzSMCHaf,51230469889,94
10581287-01,8788621290,zDbAyQrx,59496014323,89
10581287-01,0387573158,pbNWwBKf,78468060145,72
10581287-02,3061022111,qqWXnnXd,41433404106,34
10581287-02,5479931830,CONJAxNh,35269205060,89
10581287-02,4986086913,USecWZzS,94273475982,73
10581287-02,5178934034,gBeKKxhs,68728210192,87
10581287-02,9518861206,DyPxmsbi,57599116277,94
10581287-02,1955276117,EClmjrzu,58409233190,27
10581287-02,4580814440,oboRucQq,59041392724,88
10581287-02,1518306410,vXztmdvT,41482829967,59
10581287-03,2681233008,PLNrxPNc,71209305232,42
10581287-03,5367051177,pjGsPuJR,21598166341,33
10581287-03,2440877996,JulMtQIj,76249150584,34
10581287-03,5201897011,LzfwrIjn,34695190364,57
10581287-03,6315879723,hIUybbgj,06248837646,78
10581287-03,1398000093,uaiDcGFE,33152587361,39
10581287-03,7610657789,mHsPQtAW,50293759471,78
10581287-03,3596035361,pAHnyipM,33081051832,92
10581287-03,7012866095,FwVTVKGK,14011741398,87
10581287-03,3673415396,XMdmYHVk,16006404830,85
10581287-03,6777199222,IePCSAZd,96920893048,22
10581287-03,9142195166,SNoCfDHl,20247660390,62
10206086-01,6774403803,lmODIYZE,74527478208,49
10206086-01,0501094610,uXjsjThL,14932197096,82
10206086-01,5070399449,DqGqYOQV,83165741444,21
10206086-01,1124128519,nNqUlqxE,50567370283,86
10206086-01,3725685984,NhuGlGuW,68371365927,84
10206086-01,4436849453,UCRzviIM,04152237122,26
10206086-01,8064837698,NFwxrCRk,04423408171,27
10206086-02,6383682623,OMylUTlx,15187765493,25
10206086-02,8830629433,ZijaJwjf,14197030226,96
10206086-02,0626523020,cfJeUtjw,69155691996,13
10206086-02,5963817842,PAYZfhgt,23547124508,100
10206086-02,0968964620,aKngMMTm,42207114947,15
10206086-02,7473761988,VWIGuOHL,45584797786,58
10206086-02,2726312651,RTMFdSjf,09190590539,12
10206086-02,7904678270,EACYfDKR,97226361434,78
10206086-02,6959448092,mzrZMWFf,74833633093,55
10206086-03,9470606710,TLrIMgpC,98127477543,22
10206086-03,7891883675,yNNUZxuZ,92922997341,73
10206086-03,6733604068,mQmKvQZb,31719025115,49
10206086-03,1226969168,SLEhaTRW,91991946335,21
10206086-03,1790398704,QOOjGrEV,35571042773,70
10206086-03,9793248758,miWWvorb,61273802778,1
10206086-03,7055599435,TaiBMFol,14146717988,45
10206086-03,0926560365,VCHQzcoY,91672994148,74
10206086-03,5755435804,OpgsbwDM,45176243594,42
10206086-03,4756283131,QWDirRWw,91009110987,51
10206086-03,4912231462,IbWFjcXs,20451902042,34
10206086-03,8304596728,RyOmAnIO,29906272431,85
10206086-03,9213773163,hVGdTdIe,26178808137,34
10206086-03,5280877619,tAudaIhV,38936777159,4
10206086-03,4437908365,MxunfUBd,31751430908,42
10206086-03,7415960309,krKWEFMx,87593010653,56
